id,area,pop,density
08270,44.04780,28478,646.524911
08271,13.70394,83,6.05665232
08272,30.90493,189,6.11552914
08273,56.00388,2997,53.5141493
08274,23.64858,5873,248.344720
08275,18.92304,318,16.8049108
08276,43.56803,316,7.25302475
08277,29.34921,186,6.33747893
08278,26.61273,6321,237.517909
08279,70.40443,215121,3055.50375
08280,32.83632,112,3.41085724
08281,6.72863,6254,929.461123
08282,7.94864,8553,1076.03313
08283,16.48205,7951,482.403584
08284,84.79568,16453,194.031111
08285,13.53472,13877,1025.28903
08286,14.96977,3722,248.634414
08287,23.70788,1413,59.6004366
08288,37.25569,2201,59.0782240
08289,13.71410,5933,432.620441
08290,7.41349,2039,275.039151
08291,40.56218,6192,152.654517
08292,6.44171,1412,219.196455
08293,28.09781,254,9.03985043
08294,22.20239,2772,124.851423
08295,23.85301,14676,615.268261
08296,10.62245,2525,237.704107
08297,39.03396,173,4.43203815
08298,30.91791,43287,1400.06229
08299,22.48159,430,19.1267610
08300,20.10986,7354,365.691257
08301,20.25097,65779,3248.19008
08302,10.50126,12409,1181.66772
08303,58.11042,309,5.31746285
08304,9.34871,1103,117.984192
08305,19.94621,39365,1973.55788
08306,5.91823,684,115.575095
08307,34.02451,65972,1938.95518
08308,67.30349,162,2.40700742
08901,48.98991,277,5.65422553
08902,15.54710,5217,335.560972
08903,11.66482,251,21.5176916
08904,0.93364,13482,14440.2553
08905,5.40232,3000,555.316974
17001,27.60327,841,30.4674047
17002,14.01395,763,54.4457487
17003,94.80197,147,1.55060068
17004,11.40874,765,67.0538552
17005,9.19959,553,60.1113745
17006,44.10992,1536,34.8220989
17007,40.18440,2260,56.2407302
17008,16.35708,5473,334.595172
17009,86.34639,6380,73.8884393
17010,12.65018,415,32.8058573
17011,5.77451,935,161.918500
17012,12.46759,1587,127.290037
17013,20.92386,3957,189.114245
17014,4.70174,83,17.6530390
17015,11.03825,19239,1742.93932
17016,17.05044,980,57.4765226
17018,12.55916,647,51.5161842
17019,4.70022,2438,518.699124
17020,36.16441,4854,134.220356
17021,35.98720,199,5.52974390
17022,20.64512,10742,520.316665
17023,17.80285,39060,2194.03073
17024,10.67201,375,35.1386477
17025,7.38671,1680,227.435488
17026,9.50014,711,74.8410023
17027,5.01867,3722,741.630750
17028,36.90564,375,10.1610485
17029,10.89385,266,24.4174465
17030,15.02014,915,60.9182071
17031,55.81050,257,4.60486825
17032,26.63774,2837,106.503029
17033,57.29220,7220,126.020645
17034,33.64289,10709,318.313914
17035,15.59906,683,43.7846895
17036,32.69307,3314,101.367048
17037,18.73427,137,7.31280161
17038,8.50496,516,60.6704793
17039,103.65370,2221,21.4271174
17040,44.71778,702,15.6984537
17041,19.49439,317,16.2610884
17042,26.56178,596,22.4382552
17043,93.42296,174,1.86249718
17044,45.58117,10025,219.937311
17046,0.72740,970,1333.51663
17047,42.35791,10784,254.592353
17048,21.82316,10567,484.210352
17049,19.94745,5303,265.848516
17050,9.98738,916,91.7157452
17051,25.66329,293,11.4170864
17052,10.53420,155,14.7139792
17054,24.25796,522,21.5187097
17055,4.23222,188,44.4211312
17056,27.88870,2279,81.7176849
17057,16.00767,1249,78.0250967
17058,11.33366,267,23.5581445
17060,35.24382,550,15.6055728
17061,14.84987,215,14.4782412
17062,16.31856,10400,637.311135
17063,17.54787,201,11.4543816
17064,43.65025,421,9.64484739
17065,15.80071,456,28.8594626
17066,19.11621,45726,2392.00134
17067,6.72947,1018,151.274914
17068,18.89032,309,16.3575842
17069,28.71655,446,15.5311135
17070,9.39003,140,14.9094305
17071,17.11400,1471,85.9530209
17073,11.74848,2547,216.794002
17074,10.89207,721,66.1949473
17075,19.69105,435,22.0912546
17076,8.95674,163,18.1985856
17077,21.17527,854,40.3300642
17078,32.74099,436,13.3166407
17079,39.11360,98255,2512.04184
17080,43.35536,184,4.24399659
17081,9.11381,376,41.2560718
17082,22.16938,531,23.9519553
17083,3.38730,4058,1198.00431
17084,10.81576,276,25.5183177
17085,6.67184,386,57.8551044
17086,57.33124,3231,56.3567088
17087,8.23768,327,39.6956424
17088,13.66156,752,55.0449582
17089,76.53815,8266,107.998429
17090,14.59940,723,49.5225831
17091,24.42977,514,21.0399033
17092,28.01936,4934,176.092530
17093,21.27970,1210,56.8617038
17094,12.98632,1467,112.965027
17095,48.35769,37042,766.000195
17096,114.66365,213,1.85760700
17097,14.04882,280,19.9304995
17098,17.25697,433,25.0913109
17099,37.62319,99,2.63135582
17100,12.48984,289,23.1388072
17101,25.96780,742,28.5738491
17102,67.62197,740,10.9431890
17103,45.69442,6819,149.230474
17105,26.13036,317,12.1314823
17106,6.10769,180,29.4710438
17107,43.44658,335,7.71061841
17109,93.52324,929,9.93335987
17110,12.32304,1690,137.141484
17111,18.48676,1329,71.8892872
17112,45.46467,225,4.94889768
17114,29.09228,34000,1168.69492
17115,8.48749,377,44.4183144
17116,52.22672,434,8.30992258
17117,26.92087,22868,849.452487
17118,14.09518,17677,1254.11665
17119,8.64967,90,10.4050212
17120,16.54276,1471,88.9210748
17121,12.45061,297,23.8542529
17123,18.09773,470,25.9701078
17124,25.86165,2423,93.6908511
17125,31.46128,158,5.02204614
17126,6.14435,392,63.7984489
17128,10.45611,551,52.6964616
17129,8.64220,180,20.8280298
17130,11.91182,441,37.0220503
17132,43.81601,1835,41.8796690
17133,37.06583,1662,44.8391416
17134,18.78779,299,15.9145913
17135,8.64491,517,59.8039771
17136,13.49363,234,17.3415159
17137,33.78156,4530,134.096826
17138,9.25805,1170,126.376504
17139,9.41209,1781,189.224709
17140,41.76710,994,23.7986357
17141,18.62526,8810,473.013531
17142,38.39783,3478,90.5780352
17143,45.19404,188,4.15984054
17144,6.29540,279,44.3180735
17145,41.91364,1785,42.5875681
17146,27.02314,3927,145.319899
17147,73.77986,10583,143.440228
17148,47.62940,2120,44.5103234
17149,23.57033,466,19.7706184
17150,13.40965,2024,150.936079
17151,6.37006,255,40.0310201
17152,46.07263,19438,421.899075
17153,5.40102,253,46.8430037
17154,35.86727,137,3.81963834
17155,6.46173,29404,4550.48415
17157,5.89235,155,26.3052941
17158,24.41002,641,26.2597081
17159,62.20329,799,12.8449797
17160,15.94388,21760,1364.78699
17161,33.88605,1317,38.8655508
17162,42.37662,231,5.45111903
17163,48.92143,3553,72.6266587
17164,83.83381,5570,66.4409741
17165,6.91470,873,126.252765
17166,11.73402,700,59.6555997
17167,53.79163,3342,62.1286248
17168,3.25935,495,151.870771
17169,18.34456,3455,188.339213
17170,39.03826,200,5.12317915
17171,31.91981,247,7.73814129
17172,43.71470,618,14.1371209
17173,16.78907,250,14.8906401
08154,6.09742,894,146.619389
17174,33.68915,226,6.70839127
17175,3.56019,742,208.415842
17176,7.39834,176,23.7891202
17177,8.83991,670,75.7926268
17178,18.35292,2134,116.275775
17180,70.77399,12583,177.791304
17181,68.02579,5128,75.3831745
17182,1.93684,343,177.092583
17183,47.65617,371,7.78493110
17184,48.67105,1524,31.3122482
17185,32.03406,2906,90.7159442
17186,4.26199,5035,1181.37302
17187,11.52121,842,73.0826015
17188,7.16925,188,26.2231056
17189,14.57393,2054,140.936590
17190,17.23283,1132,65.6885723
17191,8.18750,209,25.5267175
17192,48.95489,181,3.69728131
17193,30.09544,5910,196.375264
17194,50.86610,95,1.86764859
17195,16.77261,451,26.8890768
17196,21.00265,285,13.5697162
17197,7.87604,163,20.6956795
17198,16.97586,711,41.8830032
17199,66.23276,11506,173.720678
17200,11.02617,781,70.8314854
17201,57.77369,166,2.87328020
17202,38.46572,5498,142.932460
17203,4.37811,210,47.9659030
17204,7.32449,1077,147.040954
17205,11.03225,288,26.1052822
17206,17.59341,181,10.2879430
17207,90.76304,2983,32.8658008
17208,93.81160,1266,13.4951327
17209,5.43869,922,169.526117
17210,25.64890,802,31.2683974
17211,9.43252,1150,121.918638
17212,34.54332,176,5.09505166
17213,48.44423,7632,157.541981
17214,2.30696,919,398.359746
17215,6.15091,2636,428.554474
17216,15.63574,224,14.3261527
17217,11.38272,466,40.9392482
17218,62.29764,808,12.9699937
17220,50.81734,1030,20.2686720
17221,8.37696,5466,652.504011
17222,5.83577,156,26.7316909
17223,13.21815,1155,87.3798527
17224,64.77695,400,6.17503602
17225,5.64634,320,56.6738807
17226,8.76950,1121,127.829408
17227,5.33693,202,37.8494752
17228,16.87046,405,24.0064586
17230,6.06200,713,117.617947
17232,16.63599,201,12.0822385
17233,32.49755,3163,97.3304141
17234,10.02368,233,23.2449559
17901,99.89079,1292,12.9341253
17902,50.63619,1723,34.0270466
17903,10.03566,1282,127.744463
25001,78.31411,181,2.31120547
25002,161.30138,602,3.73214413
25003,79.55222,5390,67.7542374
25004,20.43058,799,39.1080429
25005,58.21824,350,6.01186157
25006,26.16277,403,15.4035677
25007,10.76947,2291,212.730988
25008,37.52200,1596,42.5350461
25009,32.76993,803,24.5041719
25010,21.30297,249,11.6885110
25011,114.82539,9297,80.9664134
25012,16.43257,3375,205.384793
25013,11.52584,2923,253.604075
25014,32.16995,326,10.1336806
25015,54.20136,423,7.80423221
25016,50.33277,3006,59.7225227
25017,184.28670,287,1.55735601
25019,48.93803,6800,138.951240
25020,56.59354,327,5.77804463
25021,66.57255,3502,52.6042640
25022,68.81111,125,1.81656712
25023,15.27673,6233,408.006163
25024,217.98595,402,1.84415555
25025,255.39437,1764,6.90696509
25027,23.73614,1335,56.2433487
25029,58.31696,2240,38.4107813
25030,43.40371,165,3.80151834
25031,11.59850,64,5.51795490
25032,10.55137,83,7.86627708
25033,24.06550,1512,62.8285304
08247,14.27231,1266,88.7032302
25034,176.95898,3556,20.0950525
25035,29.72887,462,15.5404494
25036,10.07420,217,21.5401719
25037,104.07619,465,4.46788069
25038,67.25797,2523,37.5122829
25039,128.96473,342,2.65188784
25040,57.25351,16530,288.715923
25041,7.64579,943,123.335848
25042,144.43981,240,1.66159177
25043,220.72927,1022,4.63010637
25044,70.74490,235,3.32179422
25045,17.60570,64,3.63518633
25046,15.83509,539,34.0383288
25047,31.18093,1263,40.5055269
25048,35.12758,2349,66.8705330
25049,4.98806,188,37.6900037
25050,35.18080,5005,142.265099
25051,97.91575,1995,20.3746588
25052,46.79608,2264,48.3801207
25053,7.60183,1482,194.953057
25055,66.15064,187,2.82688119
25056,33.27546,267,8.02393114
25057,21.49278,250,11.6318131
25058,61.75727,6000,97.1545536
25059,27.88131,1123,40.2778779
25060,14.35978,77,5.36219914
25061,79.38524,92,1.15890561
25062,156.81321,879,5.60539510
25063,48.52518,97,1.99896218
25064,60.35237,142,2.35284877
25067,64.42260,958,14.8705578
25068,16.34479,736,45.0296394
25069,52.79493,556,10.5313142
25070,15.88012,1030,64.8609708
25071,41.68781,57,1.36730617
25072,55.16464,9013,163.383645
25073,34.09395,686,20.1208718
25074,16.49713,204,12.3657872
25075,40.72261,141,3.46244997
25076,17.50124,174,9.94215267
25077,153.85804,574,3.73071176
25078,21.37694,1401,65.5379114
25079,39.53274,373,9.43521749
25081,21.48470,375,17.4542814
25082,97.48281,361,3.70321700
25085,21.13842,163,7.71107774
25086,8.56288,789,92.1418961
25087,16.51665,69,4.17760260
25088,21.43350,119,5.55205636
25089,63.45567,126,1.98563816
25092,5.62419,155,27.5595241
25093,5.35940,794,148.150912
25094,28.68871,172,5.99538982
25096,11.17250,1260,112.776907
25097,16.36095,87,5.31753962
25098,90.98785,297,3.26417208
25099,16.81208,1835,109.147708
25100,56.39710,228,4.04276106
25101,86.70021,723,8.33908014
25102,38.49017,977,25.3831043
08009,25.29986,12051,476.326746
25103,24.20389,153,6.32129794
25104,16.43940,147,8.94193218
25105,20.33502,158,7.76984728
25109,25.75669,275,10.6768377
25110,18.20408,6892,378.596446
25111,65.30677,146,2.23560283
25112,27.10306,351,12.9505672
25113,24.25749,1578,65.0520725
25114,15.20410,114,7.49797751
25115,140.50392,1046,7.44463214
25118,77.17952,418,5.41594454
25119,47.40895,3343,70.5141117
25120,212.34198,138144,650.573193
25121,23.38734,958,40.9623326
25122,28.81600,2650,91.9627984
25123,147.00968,226,1.53731373
25124,129.47929,187,1.44424641
25125,66.15707,476,7.19499820
25126,69.10916,355,5.13680096
25127,102.91448,247,2.40005099
25128,40.96273,150,3.66186531
25129,38.93646,203,5.21362239
25130,31.65350,230,7.26617909
25131,13.85227,571,41.2206807
25132,26.38507,203,7.69374498
25133,57.81544,950,16.4315968
25134,20.33490,847,41.6525284
25135,14.92289,1369,91.7382624
25136,26.98898,111,4.11278973
25137,6.95514,14585,2097.01026
25138,29.12957,651,22.3484246
25139,55.15137,547,9.91815797
25140,177.13670,1050,5.92762538
25141,29.52617,188,6.36723286
25142,7.37011,495,67.1631766
25143,11.97787,100,8.34872978
25145,9.68364,100,10.3266953
25146,145.74089,283,1.94180233
25148,114.02894,259,2.27135321
25149,31.88583,1844,57.8313313
25150,86.57678,220,2.54109704
25151,55.24824,929,16.8150152
25152,19.12041,152,7.94962032
25153,11.03141,217,19.6711027
25154,13.05565,137,10.4935411
25155,12.85142,804,62.5611800
25156,135.22285,1022,7.55789424
25157,26.06598,214,8.20993494
25158,12.38388,2153,173.855043
25161,166.00526,439,2.64449451
25163,60.71352,261,4.29887774
25164,25.57925,474,18.5306449
25165,55.74939,344,6.17047110
25166,91.50486,213,2.32774521
25167,104.51341,297,2.84174059
25168,8.87182,655,73.8292706
25169,62.09045,206,3.31774048
25170,17.48133,307,17.5615928
25171,33.42783,2973,88.9378700
25172,30.81609,2638,85.6046305
25173,148.56265,2293,15.4345658
25174,12.37386,741,59.8843044
25175,6.22683,238,38.2216954
25176,21.35969,382,17.8841546
25177,28.79390,448,15.5588510
25179,21.21605,208,9.80389846
25180,9.84548,287,29.1504324
25181,17.05328,237,13.8976196
25182,12.59145,1373,109.042246
25183,62.88306,669,10.6387952
25185,107.07456,962,8.98439367
25186,47.46385,261,5.49892181
25189,9.91409,3029,305.524763
25190,20.70720,340,16.4194096
25191,32.75448,425,12.9753242
25192,25.18851,1059,42.0429791
25193,4.17144,966,231.574708
25194,18.74635,509,27.1519522
25196,93.51382,139,1.48641131
25197,12.34037,170,13.7759240
25200,41.55149,374,9.00088059
25201,87.07475,117,1.34367310
25202,34.76900,133,3.82524662
25203,15.17653,12185,802.884453
25204,86.01036,1912,22.2298802
25205,8.17012,734,89.8395617
25206,12.63485,350,27.7011598
25207,17.87576,8914,498.664112
25208,106.23605,408,3.84050423
25209,105.25690,2145,20.3787115
25210,30.19600,1698,56.2326135
25211,8.27253,867,104.804696
25212,12.68515,350,27.5913174
25215,30.81780,689,22.3572091
25216,30.10187,257,8.53767556
25217,88.13556,16481,186.996032
25218,13.10495,100,7.63070442
25219,7.81991,182,23.2739251
25220,27.64914,1526,55.1915900
25221,8.76862,143,16.3081533
25222,15.58836,73,4.68298140
25223,93.51731,1215,12.9922471
25224,13.27775,149,11.2217807
25225,24.19025,882,36.4609708
25226,27.75260,293,10.5575693
25227,165.72926,748,4.51338526
25228,23.45354,4630,197.411563
25230,40.74679,2166,53.1575616
25231,10.82697,703,64.9304468
25232,50.64746,2253,44.4839681
25233,5.81495,379,65.1768286
25234,302.86403,6026,19.8967173
25238,34.72199,241,6.94084642
25239,169.42333,817,4.82224024
25240,27.15832,1868,68.7818686
25242,35.87972,933,26.0035474
25243,211.30382,5459,25.8348381
25244,19.64056,510,25.9666730
08171,13.46675,2565,190.469118
25245,58.58755,552,9.42179695
08172,1.98351,27866,14048.8326
25247,15.38633,151,9.81390624
25248,13.84280,1168,84.3759932
25249,53.58108,213,3.97528381
08174,0.41544,512,1232.42826
25250,104.92858,414,3.94554086
25251,8.50229,941,110.676064
25252,19.15916,732,38.2062679
08175,46.25020,4123,89.1455604
25253,18.87671,185,9.80043662
08176,31.56513,198,6.27274463
25254,21.42362,1054,49.1980346
25255,37.53644,499,13.2937486
08180,4.40994,37648,8537.07760
25901,56.50059,356,6.30081915
25902,34.86040,674,19.3342589
25903,108.59144,308,2.83631932
25904,63.09076,175,2.77378177
25905,54.33958,446,8.20764532
25906,123.93201,291,2.34806165
25907,89.30077,590,6.60688592
25908,102.41925,254,2.48000253
25909,106.37748,200,1.88009717
08193,17.73271,1292,72.8597039
25910,68.65754,122,1.77693520
25911,56.22417,523,9.30204927
25912,56.33097,1111,19.7227209
25913,12.36573,97,7.84425990
53055,0.05614,,
43001,73.32830,903,12.3144815
43002,19.60391,2303,117.476564
43003,20.41338,459,22.4852523
43004,47.10833,9494,201.535482
43005,46.36045,5095,109.899709
43006,20.29869,863,42.5150588
43007,26.20126,887,33.8533337
43008,64.17789,371,5.78080706
43009,38.08169,1844,48.4222207
43010,7.23978,405,55.9409263
43011,6.03823,1401,232.021635
43012,6.93910,5034,725.454309
43013,67.30398,7102,105.521248
43014,138.57886,20654,149.041491
43015,20.94086,125,5.96919133
43016,14.23179,5520,387.864070
43017,9.96431,136,13.6487122
43018,42.96164,472,10.9865452
43019,74.45411,1695,22.7657009
43020,12.19045,3091,253.559138
43021,26.36761,478,18.1283021
43022,127.85530,1967,15.3845792
43023,9.01971,296,32.8170196
43024,8.27892,2190,264.527257
43025,62.31712,708,11.3612439
43026,23.20797,1218,52.4819706
43027,14.09942,208,14.7523798
43028,32.76695,3466,105.777315
43029,14.51057,393,27.0837051
43030,25.04461,639,25.5144719
43031,8.33889,2070,248.234477
43032,34.70516,615,17.7207078
43033,11.97315,1120,93.5426349
43034,6.38233,668,104.663970
43035,31.26647,326,10.4265048
43036,26.85899,1113,41.4386393
43037,20.18743,24289,1203.17445
43038,35.23939,33273,944.199090
43039,13.42029,112,8.34557226
43040,22.42589,392,17.4797967
43041,42.83409,253,5.90651044
43042,5.15764,2851,552.772198
43043,26.52940,4211,158.729560
43044,108.84575,5654,51.9450690
43045,14.40599,171,11.8700623
43046,29.09991,116,3.98626662
43047,31.43568,6439,204.830943
43048,53.57179,1080,20.1598639
08010,17.90435,5596,312.549743
43049,63.00931,966,15.3310677
43050,10.42895,3467,332.439986
43051,9.74995,11808,1211.08313
43052,32.53926,1190,36.5712065
43053,13.65668,242,17.7202658
43054,57.25824,3791,66.2088111
43055,32.07681,2834,88.3504313
43056,56.57893,1004,17.7451217
43057,16.02930,40,2.49543024
43058,18.70391,105,5.61379946
43059,22.71268,341,15.0136399
43060,116.20032,3677,31.6436305
43061,16.56846,47,2.83671505
43062,17.41432,396,22.7399060
43063,27.47771,748,27.2220647
43064,71.18335,2999,42.1306386
43065,52.13886,601,11.5269110
43066,3.02932,193,63.7106677
43067,15.74945,778,49.3985504
43068,34.00810,631,18.5544032
43069,13.40102,237,17.6852209
43070,11.78520,273,23.1646471
43071,119.08531,1189,9.98443888
43072,6.80114,123,18.0852033
08217,5.58670,33502,5996.74226
43073,23.43147,96,4.09705409
43074,5.90343,2323,393.500049
43075,34.68473,97,2.79661972
43076,16.20045,586,36.1718347
43077,79.45236,605,7.61462592
43078,14.60076,1088,74.5166689
43079,6.50402,502,77.1830344
43080,3.64572,290,79.5453298
43081,3.57522,774,216.490174
43082,15.81650,494,31.2332058
43083,3.96835,178,44.8549145
43084,32.46892,737,22.6986299
43085,23.01441,282,12.2531926
43086,91.58085,7290,79.6017944
43088,10.59553,2779,262.280414
08042,28.72300,2873,100.024370
43089,19.38913,400,20.6301159
43090,72.45377,1397,19.2812603
43091,34.56509,166,4.80253342
08046,12.25817,18158,1481.29777
43092,63.65782,11521,180.983263
08047,66.52142,4775,71.7813901
43093,44.96781,5574,123.955336
08048,11.34886,791,69.6986305
43094,15.81579,3104,196.259560
43095,5.89781,3550,601.918339
43096,53.26245,153,2.87256782
43097,4.26443,546,128.035868
43098,10.74651,453,42.1532199
43099,38.28970,363,9.48035633
43100,5.45967,4597,841.992281
43101,27.33482,161,5.88992354
43102,43.80277,580,13.2411717
43103,9.69828,1282,132.188388
43104,100.81431,2903,28.7955152
43105,22.54440,207,9.18188108
43106,57.59208,1014,17.6065875
43107,8.09908,500,61.7354069
43108,35.14284,2294,65.2764546
43109,6.25608,3771,602.773621
43110,43.26881,333,7.69607484
43111,12.31228,2806,227.902549
43112,13.78889,374,27.1232854
08204,10.80218,4024,372.517399
43113,21.58895,515,23.8547960
43114,28.82587,445,15.4375219
08205,48.28437,88921,1841.61044
43115,21.95416,174,7.92560498
43116,33.03805,587,17.7673924
43117,26.42254,177,6.69882607
43118,36.07272,691,19.1557498
43119,9.60910,1121,116.660249
43120,72.03561,543,7.53793852
43121,51.03120,819,16.0490053
43122,8.42387,148,17.5691220
43123,53.06875,103615,1952.46731
43124,8.04454,594,73.8389019
43125,99.64688,1156,11.6009653
43126,8.77398,1694,193.070875
43127,17.08558,1116,65.3182391
43128,19.53643,1169,59.8369302
43129,32.41770,6591,203.314855
43130,8.57193,251,29.2816203
43131,16.35921,6391,390.666786
43132,8.37255,492,58.7634591
43133,137.49674,8165,59.3832261
08003,9.69172,9632,993.838039
43134,2.28868,398,173.899365
08004,13.67777,294,21.4947319
43135,12.26742,540,44.0190357
43136,52.28979,14718,281.469862
43137,23.29219,2543,109.178226
43138,28.40576,3774,132.860377
43139,34.10764,2726,79.9234423
43140,9.47335,3260,344.123251
43141,67.73030,120,1.77173288
43142,52.17311,1587,30.4179681
43143,14.84992,59,3.97308537
43144,17.84755,1692,94.8029281
43145,35.26221,5591,158.555008
43146,11.89871,51,4.28617892
43147,21.31930,619,29.0347244
08005,14.15248,8337,589.084033
43148,55.95654,131094,2342.78245
08006,6.70245,15253,2275.73499
43149,53.59696,887,16.5494460
43150,209.18004,1684,8.05048129
43151,7.16627,134,18.6987093
43152,27.96151,635,22.7097892
08248,13.99603,7049,503.642818
43153,8.67784,15460,1781.54932
43154,13.22319,153,11.5705816
43155,219.56615,33743,153.680337
43156,127.06946,6368,50.1143233
43157,38.06095,401,10.5357328
43158,13.35107,110,8.23904001
43159,10.95479,94,8.58072131
43160,16.63804,1645,98.8698188
08007,20.75975,8638,416.093642
43161,55.45098,24285,437.954387
43162,102.93919,6143,59.6760087
08001,20.03461,12216,609.744836
43163,36.66671,36482,994.962460
08002,43.31611,253,5.84078302
43164,18.19314,421,23.1405903
08008,47.49811,227,4.77913752
43165,18.22756,760,41.6951034
08011,27.19246,2257,83.0009495
43166,9.09804,2255,247.855582
08020,50.47337,6736,133.456513
43167,17.35911,542,31.2227988
08012,62.90040,2212,35.1667080
43168,21.35723,118,5.52506106
08013,29.39902,1665,56.6345408
43169,23.30775,590,25.3134686
08014,7.93355,2467,310.957894
43170,33.09328,1255,37.9231070
08015,20.97550,215634,10280.2793
43171,21.80132,21935,1006.13173
08032,0.79807,2766,3465.86139
43172,12.54824,452,36.0209878
08016,43.16321,2162,50.0889530
43173,5.25748,135,25.6777011
08017,17.27350,3705,214.490404
43174,5.55593,193,34.7376586
08249,3.38004,374,110.649578
43175,67.32609,658,9.77332858
08250,27.72223,9611,346.689281
43176,65.59362,954,14.5440974
08018,36.88056,3285,89.0713156
43177,26.46259,430,16.2493542
08019,99.24794,1608746,16209.3641
43178,10.91035,1918,175.796376
08021,31.11109,75,2.41071592
43901,107.84855,11544,107.038991
08022,22.56967,16175,716.669760
43902,61.11920,3516,57.5269309
08023,29.19262,8915,305.385402
43903,29.86085,3349,112.153538
08024,46.89001,495,10.5566196
43904,30.23381,4250,140.571102
08025,47.42473,2014,42.4672950
43905,15.16973,26386,1739.38494
08026,41.24699,263,6.37622284
43906,35.62749,3322,93.2426056
08027,1.19145,943,791.472575
43907,7.33079,5846,797.458391
08028,17.11970,1351,78.9149342
08050,32.93786,176,5.34339510
08029,9.03869,4553,503.723437
08030,6.99680,7287,1041.47610
08043,14.01485,4407,314.452170
08031,9.27017,3424,369.356764
08033,37.70694,17137,454.478671
08045,34.35890,93,2.70672227
08034,33.08046,953,28.8085474
08040,6.34966,14284,2249.56926
08035,7.92347,18317,2311.73967
08036,37.18480,191,5.13650739
08041,6.77283,15937,2353.07840
08037,5.72769,2418,422.159718
08038,12.41239,2057,165.721508
08039,7.42720,470,63.2809133
08044,2.92482,5227,1787.11852
08049,29.37066,1528,52.0247076
08051,45.24110,23633,522.378987
08052,47.24808,157,3.32288634
08053,28.50169,3584,125.746929
08054,31.03450,12277,395.592002
08055,34.05516,726,21.3183552
08206,6.30670,973,154.280368
08056,12.96060,64892,5006.86696
08057,24.69103,69,2.79453712
08066,16.40389,1807,110.156798
08067,15.37359,7410,481.995422
08068,24.21078,8861,365.993991
08069,18.09600,4396,242.926613
08070,15.16043,349,23.0204552
08058,47.26946,2193,46.3935911
08059,59.47816,448,7.53217651
08060,26.32843,165,6.26698971
08071,18.72599,300,16.0205148
08072,18.31453,14168,773.593425
08061,17.22640,1995,115.810616
08062,29.18055,1287,44.1047204
08063,25.39267,573,22.5655671
08073,6.83092,86072,12600.3525
08064,31.80783,2351,73.9126183
08065,28.75029,1545,53.7385883
08074,13.50798,14608,1081.43482
08087,16.22453,187,11.5257576
08075,40.84151,5154,126.195138
08076,27.36117,21766,795.506917
08077,4.56066,45733,10027.7152
08088,19.09939,15912,833.115612
08078,35.39682,247,6.97802796
08079,10.26562,404,39.3546614
08080,29.72127,40,1.34583750
08135,3.88450,8784,2261.29488
08081,39.93917,462,11.5675914
08091,26.72639,7238,270.818468
08082,32.33459,1452,44.9054711
08092,6.83967,4829,706.028214
08093,36.64281,29,0.79142402
08136,10.26499,16218,1579.93334
08137,26.80252,320,11.9391758
08138,76.02898,5957,78.3517022
08083,10.93179,2298,210.212600
08140,5.50941,5988,1086.86774
08141,80.73727,6045,74.8724845
08084,52.23192,1401,26.8226785
08094,6.43068,2091,325.160014
08085,37.09151,1363,36.7469536
08086,29.78823,19417,651.834634
08089,31.04272,46266,1490.39774
08090,39.65297,160,4.03500670
08095,23.90115,79,3.30528028
08096,14.99134,60174,4013.91736
08097,23.17729,1426,61.5257435
08098,37.17130,3141,84.5006765
08099,61.42616,897,14.6028988
08100,51.26458,2559,49.9175063
08101,13.64443,254804,18674.5800
08102,8.21687,38987,4744.75073
08103,31.11189,831,26.7100455
08108,10.79291,6370,590.202271
08104,52.53038,872,16.5999179
08105,3.01409,13247,4395.02470
08106,27.70173,9717,350.772316
08107,22.39879,14759,658.919521
08109,53.52872,280,5.23083682
08110,8.76454,18295,2087.38849
08142,24.90426,151,6.06321970
08143,52.19982,3607,69.0998551
08111,11.03062,267,24.2053483
08112,17.26809,20104,1164.22835
08113,41.68563,74752,1793.23186
08120,25.33098,8984,354.664525
08121,22.38706,125517,5606.67635
08114,12.91733,27645,2140.14815
08115,3.64966,4725,1294.64114
08116,16.23179,714,43.9877548
08130,22.18079,119,5.36500277
08117,23.06600,3170,137.431717
08118,3.23597,23119,7144.38020
08119,17.18083,8386,488.102146
08122,48.13239,2282,47.4109014
08207,10.74723,2599,241.829755
08123,15.87946,25359,1596.96866
08124,10.81915,51491,4759.24633
08125,23.52777,34802,1479.18821
08134,14.96820,1092,72.9546638
08126,2.85995,11621,4063.35775
08127,11.93124,2867,240.293548
08128,22.02424,699,31.7377580
08129,40.55986,604,14.8915701
08131,4.85375,931,191.810455
08132,76.15218,471,6.18498380
08133,13.62054,151,11.0861977
08139,47.74086,219,4.58726549
08144,35.46163,855,24.1105668
08146,30.82989,1723,55.8873223
08147,16.67865,23645,1417.68068
08145,30.13012,3529,117.125321
08153,5.62861,702,124.719957
08148,38.87448,3569,91.8083020
08149,29.04899,1185,40.7931566
08150,27.07752,310,11.4486112
08151,68.88587,547,7.94067056
08152,15.33585,139,9.06372975
08155,16.48970,9133,553.860894
08156,15.08784,14494,960.641152
08210,15.05311,5968,396.462923
08157,8.48087,11348,1338.07026
08159,9.08323,18837,2073.82175
08158,8.86780,4075,459.527729
08167,8.82919,8300,940.063584
08160,16.00213,411,25.6840808
08161,57.31370,15001,261.734977
08162,33.51848,2891,86.2509278
08168,25.42366,453,17.8180482
08163,10.48238,26240,2503.24830
08164,9.50939,1253,131.764498
08165,18.58178,2159,116.189084
08166,51.93818,1110,21.3715613
08169,31.30782,63457,2026.87379
08170,26.06479,535,20.5257744
08177,37.78991,54,1.42895286
08178,45.75787,533,11.6482694
08179,17.83947,723,40.5281098
08181,36.82132,10599,287.849539
08213,21.97498,8387,381.661325
08182,27.68998,3724,134.489082
08183,2.23033,6116,2742.19510
08184,32.21078,75167,2333.59763
08185,48.09325,231,4.80316884
08214,8.93095,8953,1002.46894
08215,0.89741,3462,3857.76846
08187,37.58682,208246,5540.39953
08216,21.31266,27,1.26685265
08188,44.91601,152,3.38409400
08189,22.05965,158,7.16239831
08190,66.95367,276,4.12225349
08194,3.81412,36496,9568.65541
08191,65.76957,6592,100.228722
08195,13.41933,92,6.85578192
08192,16.91376,7520,444.608413
08199,34.70593,850,24.4914917
08196,5.67417,27434,4834.89215
08203,15.65199,3329,212.688610
08197,11.93556,10663,893.380788
08198,13.94387,5862,420.399788
08200,22.16944,82402,3716.91842
08201,23.96002,527,21.9949732
08202,65.59227,17540,267.409559
08208,18.49674,7644,413.262012
08209,13.22065,8650,654.279479
08211,11.96189,44086,3685.53798
08212,23.49456,612,26.0485831
08218,16.39932,10759,656.063788
08219,4.00691,20678,5160.58508
08221,7.79579,16927,2171.30015
08222,19.73387,2562,129.827550
08220,16.24653,3113,191.610146
08229,102.53479,618,6.02722256
08223,41.25929,2375,57.5627937
08224,25.93145,1122,43.2679236
08225,14.77992,108,7.30721140
08226,39.07395,1190,30.4550730
08227,35.36778,3099,87.6221238
08228,3.87116,371,95.8369067
08230,6.54949,10446,1594.93334
08231,40.95168,29842,728.712472
08232,5.34543,2369,443.182307
08233,55.07221,2427,44.0694135
08243,8.65814,183,21.1361793
08234,34.35434,4257,123.914474
08244,7.50686,8073,1075.41635
08235,7.52144,4951,658.251611
08236,13.83444,2121,153.313036
08237,8.16891,2125,260.132624
08238,14.48827,19664,1357.23588
08239,25.55003,637,24.9314775
08240,18.98279,12654,666.603802
08241,30.73144,80,2.60319724
08242,13.37400,277,20.7118289
08245,7.09999,117153,16500.4457
08246,6.99487,2246,321.092457
08251,17.50521,7360,420.446255
08252,8.19905,32832,4004.36635
08253,24.96525,148,5.92824025
08254,61.97759,2168,34.9803856
08255,51.76046,178,3.43891843
08256,4.50065,861,191.305700
08257,25.34003,132,5.20914931
08258,66.36867,1054,15.8809872
08264,8.00670,6182,772.103363
08259,17.00307,9194,540.725880
08260,15.71781,25556,1625.92625
08261,12.58188,3323,264.109974
08262,17.40097,9235,530.717540
08263,9.17400,27961,3047.85262
08265,6.60151,1996,302.355067
08266,30.87760,57543,1863.58395
08267,28.34407,8700,306.942510
08268,47.23455,1183,25.0452264
08269,30.51946,3446,112.911565
